index,credit
22001,2
22002,2
22003,2
22004,2
22005,2
22006,2
22007,2
22008,2
22009,2
22010,2
22011,2
22012,2
22013,2
22014,2
22015,2
22016,2
22017,2
22018,2
22019,2
22020,2
22021,2
22022,2
22023,2
22024,2
22025,2
22026,2
22027,2
22028,2
22029,2
22030,2
22031,2
22032,1
22033,2
22034,2
22035,2
22036,2
22037,2
22038,2
22039,2
22040,2
22041,2
22042,2
22043,2
22044,2
22045,2
22046,2
22047,2
22048,2
22049,2
22050,2
22051,2
22052,2
22053,2
22054,2
22055,2
22056,2
22057,2
22058,2
22059,2
22060,2
22061,2
22062,2
22063,2
22064,2
22065,2
22066,2
22067,2
22068,2
22069,2
22070,2
22071,2
22072,2
22073,2
22074,2
22075,2
22076,2
22077,2
22078,2
22079,2
22080,2
22081,2
22082,2
22083,2
22084,2
22085,2
22086,2
22087,2
22088,2
22089,2
22090,2
22091,2
22092,2
22093,2
22094,2
22095,2
22096,2
22097,2
22098,2
22099,2
22100,2
22101,2
22102,2
22103,2
22104,2
22105,2
22106,2
22107,2
22108,2
22109,2
22110,2
22111,2
22112,2
22113,2
22114,2
22115,2
22116,2
22117,2
22118,2
22119,2
22120,2
22121,2
22122,2
22123,2
22124,2
22125,2
22126,2
22127,2
22128,2
22129,2
22130,2
22131,2
22132,2
22133,2
22134,2
22135,2
22136,2
22137,2
22138,2
22139,2
22140,2
22141,2
22142,2
22143,2
22144,2
22145,2
22146,2
22147,2
22148,2
22149,2
22150,2
22151,2
22152,2
22153,2
22154,2
22155,2
22156,2
22157,2
22158,2
22159,2
22160,2
22161,2
22162,2
22163,2
22164,2
22165,2
22166,2
22167,2
22168,2
22169,2
22170,2
22171,2
22172,2
22173,2
22174,2
22175,2
22176,2
22177,2
22178,2
22179,2
22180,2
22181,2
22182,2
22183,2
22184,2
22185,2
22186,2
22187,2
22188,2
22189,2
22190,1
22191,2
22192,2
22193,2
22194,2
22195,2
22196,2
22197,2
22198,2
22199,2
22200,2
22201,2
22202,2
22203,2
22204,2
22205,2
22206,2
22207,2
22208,2
22209,2
22210,2
22211,2
22212,2
22213,2
22214,2
22215,2
22216,2
22217,2
22218,2
22219,2
22220,2
22221,2
22222,2
22223,2
22224,2
22225,2
22226,2
22227,2
22228,2
22229,2
22230,2
22231,2
22232,2
22233,2
22234,2
22235,2
22236,2
22237,2
22238,2
22239,2
22240,2
22241,2
22242,1
22243,2
22244,2
22245,2
22246,2
22247,2
22248,2
22249,2
22250,2
22251,1
22252,2
22253,2
22254,2
22255,2
22256,2
22257,2
22258,2
22259,2
22260,2
22261,1
22262,2
22263,2
22264,2
22265,2
22266,2
22267,2
22268,2
22269,2
22270,2
22271,2
22272,2
22273,2
22274,2
22275,2
22276,2
22277,2
22278,2
22279,2
22280,2
22281,2
22282,2
22283,2
22284,2
22285,2
22286,2
22287,2
22288,2
22289,2
22290,2
22291,2
22292,2
22293,2
22294,2
22295,2
22296,2
22297,2
22298,2
22299,2
22300,2
22301,2
22302,2
22303,2
22304,2
22305,2
22306,2
22307,1
22308,2
22309,2
22310,2
22311,2
22312,2
22313,2
22314,2
22315,2
22316,2
22317,2
22318,2
22319,2
22320,2
22321,2
22322,2
22323,2
22324,2
22325,2
22326,2
22327,2
22328,2
22329,2
22330,2
22331,2
22332,2
22333,2
22334,2
22335,2
22336,2
22337,2
22338,2
22339,2
22340,2
22341,2
22342,2
22343,2
22344,2
22345,2
22346,2
22347,2
22348,2
22349,2
22350,2
22351,2
22352,2
22353,2
22354,2
22355,2
22356,2
22357,2
22358,2
22359,2
22360,2
22361,2
22362,2
22363,2
22364,2
22365,2
22366,2
22367,2
22368,2
22369,2
22370,2
22371,2
22372,2
22373,2
22374,2
22375,2
22376,2
22377,2
22378,2
22379,2
22380,2
22381,2
22382,2
22383,2
22384,2
22385,2
22386,2
22387,2
22388,2
22389,2
22390,2
22391,2
22392,2
22393,2
22394,2
22395,2
22396,2
22397,2
22398,2
22399,2
22400,2
22401,2
22402,2
22403,2
22404,2
22405,2
22406,2
22407,2
22408,2
22409,2
22410,2
22411,2
22412,2
22413,2
22414,2
22415,2
22416,2
22417,2
22418,2
22419,2
22420,2
22421,2
22422,2
22423,2
22424,2
22425,2
22426,2
22427,2
22428,2
22429,2
22430,2
22431,2
22432,2
22433,2
22434,2
22435,2
22436,2
22437,2
22438,2
22439,2
22440,2
22441,2
22442,2
22443,2
22444,2
22445,2
22446,2
22447,2
22448,2
22449,2
22450,2
22451,2
22452,2
22453,2
22454,2
22455,2
22456,2
22457,2
22458,1
22459,2
22460,2
22461,2
22462,2
22463,2
22464,2
22465,2
22466,2
22467,2
22468,2
22469,2
22470,2
22471,2
22472,2
22473,2
22474,2
22475,2
22476,2
22477,2
22478,2
22479,2
22480,2
22481,2
22482,2
22483,2
22484,2
22485,2
22486,2
22487,2
22488,2
22489,2
22490,2
22491,1
22492,2
22493,2
22494,2
22495,2
22496,2
22497,2
22498,2
22499,2
22500,2
22501,2
22502,2
22503,2
22504,2
22505,2
22506,2
22507,2
22508,2
22509,2
22510,2
22511,2
22512,2
22513,2
22514,2
22515,2
22516,2
22517,2
22518,2
22519,2
22520,2
22521,2
22522,2
22523,2
22524,2
22525,2
22526,2
22527,2
22528,2
22529,2
22530,2
22531,2
22532,2
22533,2
22534,2
22535,2
22536,2
22537,2
22538,2
22539,1
22540,2
22541,2
22542,2
22543,2
22544,2
22545,2
22546,2
22547,2
22548,2
22549,2
22550,2
22551,2
22552,2
22553,2
22554,2
22555,2
22556,2
22557,2
22558,2
22559,2
22560,2
22561,2
22562,2
22563,2
22564,2
22565,2
22566,2
22567,2
22568,2
22569,2
22570,2
22571,2
22572,2
22573,2
22574,2
22575,2
22576,2
22577,2
22578,2
22579,2
22580,2
22581,2
22582,2
22583,2
22584,2
22585,2
22586,2
22587,2
22588,2
22589,2
22590,2
22591,2
22592,2
22593,2
22594,2
22595,2
22596,2
22597,2
22598,2
22599,2
22600,2
22601,2
22602,2
22603,2
22604,2
22605,2
22606,2
22607,2
22608,2
22609,2
22610,2
22611,2
22612,2
22613,2
22614,2
22615,2
22616,2
22617,2
22618,2
22619,2
22620,2
22621,2
22622,2
22623,2
22624,2
22625,2
22626,1
22627,2
22628,2
22629,2
22630,2
22631,2
22632,2
22633,2
22634,2
22635,2
22636,2
22637,2
22638,2
22639,2
22640,2
22641,2
22642,2
22643,2
22644,2
22645,1
22646,2
22647,2
22648,2
22649,2
22650,2
22651,2
22652,2
22653,2
22654,2
22655,2
22656,2
22657,2
22658,2
22659,2
22660,2
22661,2
22662,2
22663,2
22664,2
22665,2
22666,2
22667,2
22668,2
22669,2
22670,2
22671,2
22672,2
22673,2
22674,2
22675,2
22676,2
22677,2
22678,2
22679,2
22680,2
22681,2
22682,2
22683,2
22684,2
22685,2
22686,2
22687,2
22688,2
22689,2
22690,2
22691,2
22692,2
22693,1
22694,2
22695,2
22696,2
22697,1
22698,2
22699,2
22700,2
22701,2
22702,2
22703,1
22704,2
22705,2
22706,2
22707,2
22708,2
22709,2
22710,1
22711,2
22712,2
22713,2
22714,2
22715,2
22716,2
22717,2
22718,2
22719,2
22720,2
22721,2
22722,2
22723,2
22724,2
22725,1
22726,2
22727,2
22728,2
22729,2
22730,2
22731,2
22732,2
22733,2
22734,2
22735,2
22736,2
22737,2
22738,2
22739,2
22740,2
22741,2
22742,2
22743,2
22744,1
22745,2
22746,2
22747,2
22748,2
22749,2
22750,2
22751,2
22752,2
22753,2
22754,2
22755,2
22756,2
22757,2
22758,2
22759,2
22760,2
22761,2
22762,2
22763,2
22764,2
22765,2
22766,2
22767,2
22768,2
22769,2
22770,2
22771,2
22772,2
22773,2
22774,2
22775,2
22776,2
22777,2
22778,2
22779,2
22780,2
22781,2
22782,2
22783,2
22784,2
22785,2
22786,2
22787,2
22788,2
22789,2
22790,2
22791,2
22792,2
22793,2
22794,2
22795,2
22796,2
22797,2
22798,2
22799,2
22800,2
22801,2
22802,2
22803,2
22804,2
22805,2
22806,2
22807,2
22808,2
22809,2
22810,2
22811,2
22812,2
22813,2
22814,2
22815,2
22816,2
22817,2
22818,2
22819,2
22820,2
22821,2
22822,2
22823,2
22824,2
22825,2
22826,2
22827,2
22828,2
22829,2
22830,2
22831,2
22832,2
22833,2
22834,2
22835,2
22836,2
22837,2
22838,2
22839,2
22840,2
22841,2
22842,2
22843,2
22844,2
22845,2
22846,2
22847,2
22848,1
22849,2
22850,1
22851,2
22852,2
22853,2
22854,2
22855,2
22856,2
22857,2
22858,2
22859,2
22860,2
22861,2
22862,2
22863,2
22864,2
22865,2
22866,2
22867,2
22868,2
22869,2
22870,2
22871,2
22872,2
22873,2
22874,2
22875,2
22876,2
22877,2
22878,2
22879,2
22880,2
22881,2
22882,2
22883,2
22884,2
22885,2
22886,2
22887,2
22888,2
22889,2
22890,2
22891,2
22892,2
22893,2
22894,2
22895,2
22896,2
22897,2
22898,2
22899,2
22900,2
22901,2
22902,2
22903,2
22904,2
22905,2
22906,2
22907,2
22908,1
22909,2
22910,2
22911,2
22912,2
22913,2
22914,2
22915,2
22916,2
22917,2
22918,2
22919,2
22920,2
22921,2
22922,2
22923,2
22924,2
22925,2
22926,2
22927,0
22928,2
22929,2
22930,2
22931,2
22932,2
22933,2
22934,2
22935,2
22936,2
22937,1
22938,2
22939,2
22940,2
22941,2
22942,2
22943,2
22944,2
22945,2
22946,2
22947,2
22948,2
22949,1
22950,2
22951,2
22952,2
22953,2
22954,2
22955,2
22956,2
22957,2
22958,2
22959,2
22960,2
22961,2
22962,2
22963,2
22964,2
22965,2
22966,2
22967,2
22968,2
22969,2
22970,2
22971,2
22972,2
22973,2
22974,2
22975,2
22976,2
22977,2
22978,2
22979,2
22980,2
22981,2
22982,2
22983,2
22984,2
22985,2
22986,2
22987,2
22988,2
22989,2
22990,2
22991,2
22992,2
22993,2
22994,2
22995,2
22996,2
22997,2
22998,2
22999,2
23000,2
23001,2
23002,2
23003,2
23004,2
23005,2
23006,2
23007,2
23008,2
23009,2
23010,2
23011,1
23012,2
23013,2
23014,2
23015,2
23016,2
23017,2
23018,2
23019,2
23020,2
23021,2
23022,2
23023,2
23024,2
23025,2
23026,2
23027,2
23028,2
23029,2
23030,2
23031,2
23032,2
23033,2
23034,2
23035,2
23036,2
23037,2
23038,2
23039,2
23040,2
23041,2
23042,2
23043,2
23044,2
23045,2
23046,2
23047,2
23048,2
23049,2
23050,2
23051,2
23052,2
23053,1
23054,2
23055,1
23056,2
23057,2
23058,2
23059,2
23060,2
23061,2
23062,2
23063,2
23064,2
23065,2
23066,2
23067,2
23068,2
23069,2
23070,2
23071,2
23072,2
23073,2
23074,2
23075,2
23076,2
23077,2
23078,2
23079,2
23080,2
23081,2
23082,2
23083,2
23084,2
23085,2
23086,2
23087,2
23088,2
23089,2
23090,2
23091,2
23092,2
23093,2
23094,2
23095,2
23096,1
23097,2
23098,2
23099,2
23100,2
23101,2
23102,2
23103,2
23104,2
23105,2
23106,1
23107,2
23108,2
23109,2
23110,2
23111,2
23112,2
23113,2
23114,2
23115,2
23116,2
23117,2
23118,2
23119,2
23120,2
23121,2
23122,2
23123,2
23124,2
23125,2
23126,2
23127,2
23128,2
23129,2
23130,2
23131,2
23132,2
23133,2
23134,2
23135,2
23136,2
23137,2
23138,2
23139,2
23140,2
23141,2
23142,2
23143,2
23144,2
23145,2
23146,2
23147,2
23148,2
23149,2
23150,2
23151,1
23152,2
23153,2
23154,2
23155,2
23156,2
23157,2
23158,2
23159,2
23160,2
23161,2
23162,2
23163,2
23164,2
23165,2
23166,2
23167,2
23168,2
23169,2
23170,2
23171,2
23172,2
23173,2
23174,2
23175,2
23176,2
23177,2
23178,2
23179,2
23180,2
23181,2
23182,2
23183,2
23184,2
23185,2
23186,2
23187,2
23188,2
23189,2
23190,2
23191,2
23192,2
23193,2
23194,2
23195,2
23196,2
23197,2
23198,2
23199,2
23200,2
23201,2
23202,2
23203,2
23204,2
23205,2
23206,2
23207,2
23208,2
23209,2
23210,2
23211,2
23212,2
23213,2
23214,2
23215,2
23216,2
23217,2
23218,2
23219,2
23220,2
23221,2
23222,2
23223,2
23224,2
23225,2
23226,2
23227,2
23228,2
23229,2
23230,2
23231,1
23232,2
23233,2
23234,2
23235,2
23236,2
23237,1
23238,2
23239,2
23240,2
23241,2
23242,2
23243,2
23244,2
23245,2
23246,2
23247,2
23248,2
23249,2
23250,2
23251,2
23252,2
23253,2
23254,2
23255,2
23256,2
23257,2
23258,2
23259,2
23260,2
23261,2
23262,2
23263,2
23264,2
23265,2
23266,2
23267,2
23268,2
23269,2
23270,2
23271,2
23272,2
23273,2
23274,2
23275,2
23276,2
23277,2
23278,2
23279,2
23280,2
23281,2
23282,2
23283,2
23284,2
23285,2
23286,2
23287,2
23288,2
23289,2
23290,2
23291,2
23292,2
23293,1
23294,2
23295,2
23296,2
23297,2
23298,2
23299,2
23300,2
23301,2
23302,2
23303,2
23304,2
23305,2
23306,2
23307,2
23308,2
23309,2
23310,2
23311,2
23312,2
23313,2
23314,2
23315,2
23316,2
23317,2
23318,2
23319,2
23320,2
23321,2
23322,2
23323,2
23324,2
23325,2
23326,2
23327,2
23328,2
23329,2
23330,2
23331,2
23332,2
23333,2
23334,2
23335,2
23336,2
23337,2
23338,2
23339,2
23340,2
23341,2
23342,2
23343,2
23344,2
23345,2
23346,2
23347,2
23348,2
23349,2
23350,2
23351,2
23352,2
23353,2
23354,2
23355,2
23356,2
23357,2
23358,2
23359,2
23360,2
23361,2
23362,2
23363,2
23364,2
23365,2
23366,2
23367,2
23368,2
23369,2
23370,2
23371,2
23372,2
23373,2
23374,2
23375,2
23376,2
23377,2
23378,2
23379,2
23380,2
23381,2
23382,2
23383,2
23384,2
23385,2
23386,2
23387,2
23388,2
23389,2
23390,2
23391,2
23392,2
23393,2
23394,2
23395,2
23396,2
23397,2
23398,2
23399,2
23400,2
23401,2
23402,2
23403,2
23404,2
23405,2
23406,2
23407,2
23408,2
23409,2
23410,2
23411,2
23412,2
23413,2
23414,2
23415,2
23416,2
23417,2
23418,2
23419,2
23420,2
23421,2
23422,2
23423,2
23424,2
23425,2
23426,2
23427,2
23428,2
23429,2
23430,2
23431,2
23432,2
23433,2
23434,2
23435,2
23436,2
23437,2
23438,2
23439,2
23440,2
23441,2
23442,2
23443,2
23444,2
23445,2
23446,2
23447,2
23448,2
23449,2
23450,2
23451,2
23452,2
23453,2
23454,2
23455,2
23456,2
23457,2
23458,2
23459,2
23460,2
23461,2
23462,2
23463,2
23464,2
23465,2
23466,2
23467,2
23468,2
23469,2
23470,2
23471,2
23472,2
23473,2
23474,2
23475,2
23476,2
23477,2
23478,2
23479,2
23480,2
23481,2
23482,2
23483,2
23484,2
23485,2
23486,1
23487,2
23488,2
23489,2
23490,2
23491,2
23492,2
23493,2
23494,2
23495,2
23496,2
23497,2
23498,2
23499,2
23500,2
23501,2
23502,2
23503,2
23504,2
23505,2
23506,2
23507,2
23508,2
23509,2
23510,2
23511,2
23512,2
23513,2
23514,2
23515,2
23516,2
23517,2
23518,2
23519,2
23520,2
23521,2
23522,2
23523,2
23524,2
23525,2
23526,2
23527,2
23528,2
23529,2
23530,2
23531,2
23532,2
23533,2
23534,2
23535,2
23536,2
23537,2
23538,2
23539,2
23540,2
23541,2
23542,2
23543,2
23544,2
23545,2
23546,2
23547,2
23548,2
23549,2
23550,2
23551,2
23552,2
23553,2
23554,2
23555,2
23556,2
23557,2
23558,1
23559,2
23560,2
23561,2
23562,2
23563,2
23564,2
23565,2
23566,2
23567,2
23568,2
23569,2
23570,2
23571,2
23572,2
23573,2
23574,2
23575,2
23576,2
23577,2
23578,2
23579,2
23580,2
23581,2
23582,2
23583,2
23584,2
23585,2
23586,2
23587,2
23588,2
23589,2
23590,2
23591,2
23592,2
23593,2
23594,2
23595,2
23596,2
23597,2
23598,2
23599,2
23600,2
23601,2
23602,2
23603,2
23604,2
23605,2
23606,2
23607,2
23608,2
23609,2
23610,2
23611,2
23612,2
23613,2
23614,2
23615,2
23616,2
23617,2
23618,2
23619,2
23620,2
23621,2
23622,2
23623,2
23624,2
23625,2
23626,2
23627,2
23628,2
23629,2
23630,2
23631,2
23632,2
23633,2
23634,2
23635,2
23636,2
23637,2
23638,2
23639,2
23640,2
23641,2
23642,2
23643,2
23644,2
23645,2
23646,1
23647,2
23648,2
23649,2
23650,2
23651,2
23652,2
23653,2
23654,2
23655,2
23656,2
23657,2
23658,2
23659,2
23660,2
23661,2
23662,2
23663,2
23664,2
23665,2
23666,2
23667,2
23668,2
23669,2
23670,2
23671,2
23672,2
23673,2
23674,2
23675,2
23676,2
23677,2
23678,2
23679,2
23680,2
23681,2
23682,2
23683,2
23684,2
23685,2
23686,2
23687,2
23688,2
23689,2
23690,2
23691,2
23692,2
23693,2
23694,2
23695,2
23696,2
23697,2
23698,2
23699,2
23700,2
23701,2
23702,1
23703,2
23704,2
23705,2
23706,2
23707,2
23708,2
23709,2
23710,2
23711,2
23712,2
23713,2
23714,2
23715,1
23716,2
23717,2
23718,2
23719,2
23720,2
23721,2
23722,2
23723,2
23724,2
23725,2
23726,2
23727,2
23728,2
23729,2
23730,2
23731,2
23732,2
23733,2
23734,2
23735,2
23736,2
23737,2
23738,2
23739,2
23740,2
23741,2
23742,2
23743,2
23744,2
23745,2
23746,2
23747,2
23748,2
23749,2
23750,2
23751,2
23752,2
23753,2
23754,2
23755,2
23756,2
23757,2
23758,2
23759,2
23760,2
23761,2
23762,2
23763,1
23764,2
23765,2
23766,2
23767,2
23768,2
23769,2
23770,2
23771,2
23772,2
23773,2
23774,2
23775,2
23776,2
23777,2
23778,2
23779,2
23780,2
23781,2
23782,2
23783,2
23784,2
23785,2
23786,2
23787,2
23788,2
23789,2
23790,2
23791,2
23792,2
23793,2
23794,2
23795,1
23796,0
23797,2
23798,2
23799,2
23800,2
23801,2
23802,2
23803,2
23804,2
23805,2
23806,2
23807,2
23808,2
23809,2
23810,2
23811,2
23812,2
23813,2
23814,2
23815,2
23816,2
23817,2
23818,2
23819,2
23820,2
23821,2
23822,0
23823,2
23824,2
23825,2
23826,2
23827,2
23828,2
23829,2
23830,2
23831,2
23832,2
23833,2
23834,2
23835,2
23836,2
23837,2
23838,2
23839,2
23840,2
23841,2
23842,2
23843,2
23844,2
23845,2
23846,2
23847,2
23848,2
23849,2
23850,2
23851,2
23852,2
23853,2
23854,2
23855,2
23856,2
23857,1
23858,2
23859,2
23860,2
23861,2
23862,2
23863,2
23864,2
23865,2
23866,2
23867,2
23868,2
23869,2
23870,2
23871,2
23872,2
23873,2
23874,2
23875,2
23876,2
23877,2
23878,2
23879,2
23880,2
23881,2
23882,2
23883,2
23884,2
23885,2
23886,2
23887,2
23888,2
23889,2
23890,2
23891,2
23892,2
23893,2
23894,2
23895,2
23896,2
23897,2
23898,2
23899,2
23900,2
23901,2
23902,2
23903,2
23904,2
23905,2
23906,2
23907,2
23908,2
23909,2
23910,2
23911,2
23912,2
23913,2
23914,2
23915,2
23916,2
23917,2
23918,2
23919,2
23920,2
23921,2
23922,2
23923,2
23924,2
23925,2
23926,2
23927,2
23928,2
23929,2
23930,2
23931,2
23932,2
23933,2
23934,2
23935,2
23936,2
23937,2
23938,1
23939,2
23940,2
23941,2
23942,2
23943,2
23944,2
23945,2
23946,2
23947,2
23948,2
23949,2
23950,2
23951,2
23952,2
23953,2
23954,2
23955,2
23956,2
23957,2
23958,2
23959,2
23960,2
23961,2
23962,2
23963,2
23964,2
23965,2
23966,2
23967,2
23968,2
23969,2
23970,2
23971,2
23972,2
23973,2
23974,2
23975,2
23976,2
23977,2
23978,2
23979,2
23980,2
23981,2
23982,2
23983,2
23984,2
23985,2
23986,2
23987,2
23988,2
23989,2
23990,2
23991,2
23992,2
23993,2
23994,2
23995,2
23996,2
23997,2
23998,2
23999,2
24000,2
24001,2
24002,2
24003,2
24004,2
24005,2
24006,2
24007,2
24008,2
24009,2
24010,2
24011,2
24012,2
24013,2
24014,2
24015,2
24016,2
24017,2
24018,2
24019,2
24020,2
24021,2
24022,2
24023,2
24024,2
24025,2
24026,2
24027,2
24028,2
24029,2
24030,2
24031,2
24032,2
24033,2
24034,2
24035,2
24036,2
24037,2
24038,2
24039,2
24040,2
24041,2
24042,2
24043,2
24044,2
24045,2
24046,2
24047,2
24048,2
24049,2
24050,2
24051,2
24052,2
24053,2
24054,2
24055,2
24056,2
24057,2
24058,2
24059,2
24060,2
24061,2
24062,2
24063,2
24064,2
24065,2
24066,2
24067,2
24068,2
24069,2
24070,2
24071,2
24072,2
24073,2
24074,2
24075,2
24076,2
24077,2
24078,2
24079,2
24080,2
24081,2
24082,2
24083,2
24084,2
24085,2
24086,2
24087,2
24088,2
24089,2
24090,2
24091,2
24092,2
24093,2
24094,2
24095,2
24096,2
24097,2
24098,2
24099,2
24100,2
24101,2
24102,2
24103,2
24104,2
24105,2
24106,2
24107,2
24108,2
24109,2
24110,2
24111,2
24112,2
24113,2
24114,2
24115,2
24116,2
24117,2
24118,2
24119,2
24120,2
24121,2
24122,2
24123,2
24124,2
24125,2
24126,2
24127,2
24128,2
24129,2
24130,2
24131,2
24132,2
24133,2
24134,2
24135,2
24136,2
24137,2
24138,2
24139,2
24140,2
24141,2
24142,2
24143,2
24144,2
24145,2
24146,2
24147,2
24148,2
24149,2
24150,2
24151,2
24152,2
24153,2
24154,2
24155,2
24156,2
24157,2
24158,2
24159,2
24160,2
24161,2
24162,2
24163,2
24164,2
24165,2
24166,2
24167,2
24168,2
24169,2
24170,2
24171,2
24172,2
24173,2
24174,2
24175,2
24176,2
24177,2
24178,2
24179,2
24180,2
24181,2
24182,2
24183,2
24184,2
24185,2
24186,2
24187,2
24188,2
24189,2
24190,2
24191,2
24192,2
24193,2
24194,2
24195,2
24196,2
24197,2
24198,2
24199,2
24200,2
24201,2
24202,2
24203,2
24204,2
24205,2
24206,2
24207,2
24208,2
24209,2
24210,2
24211,2
24212,2
24213,2
24214,2
24215,2
24216,2
24217,2
24218,2
24219,2
24220,2
24221,2
24222,2
24223,2
24224,2
24225,2
24226,2
24227,2
24228,2
24229,2
24230,2
24231,2
24232,2
24233,2
24234,2
24235,2
24236,2
24237,2
24238,2
24239,2
24240,2
24241,2
24242,2
24243,2
24244,2
24245,2
24246,2
24247,2
24248,0
24249,2
24250,2
24251,2
24252,2
24253,2
24254,2
24255,2
24256,2
24257,2
24258,2
24259,2
24260,2
24261,2
24262,2
24263,2
24264,2
24265,2
24266,2
24267,2
24268,2
24269,2
24270,2
24271,2
24272,2
24273,2
24274,2
24275,2
24276,2
24277,2
24278,2
24279,2
24280,2
24281,2
24282,2
24283,2
24284,2
24285,2
24286,2
24287,2
24288,2
24289,2
24290,2
24291,2
24292,2
24293,2
24294,2
24295,2
24296,2
24297,2
24298,2
24299,2
24300,2
24301,2
24302,2
24303,2
24304,2
24305,2
24306,2
24307,2
24308,2
24309,2
24310,2
24311,2
24312,2
24313,2
24314,2
24315,2
24316,2
24317,2
24318,2
24319,2
24320,2
24321,2
24322,2
24323,2
24324,2
24325,2
24326,2
24327,2
24328,2
24329,2
24330,2
24331,2
24332,2
24333,2
24334,2
24335,2
24336,2
24337,2
24338,2
24339,2
24340,2
24341,2
24342,1
24343,2
24344,2
24345,2
24346,2
24347,2
24348,2
24349,2
24350,2
24351,2
24352,2
24353,2
24354,2
24355,2
24356,2
24357,2
24358,2
24359,2
24360,2
24361,2
24362,2
24363,2
24364,2
24365,1
24366,2
24367,2
24368,2
24369,2
24370,2
24371,2
24372,2
24373,2
24374,2
24375,2
24376,2
24377,2
24378,2
24379,2
24380,2
24381,2
24382,2
24383,2
24384,2
24385,0
24386,2
24387,2
24388,2
24389,2
24390,2
24391,2
24392,2
24393,2
24394,2
24395,2
24396,2
24397,2
24398,2
24399,2
24400,2
24401,2
24402,2
24403,2
24404,2
24405,2
24406,2
24407,2
24408,2
24409,2
24410,2
24411,2
24412,2
24413,2
24414,2
24415,2
24416,2
24417,2
24418,2
24419,2
24420,2
24421,2
24422,2
24423,2
24424,2
24425,2
24426,2
24427,2
24428,2
24429,2
24430,2
24431,2
24432,2
24433,2
24434,2
24435,2
24436,2
24437,2
24438,2
24439,2
24440,2
24441,2
24442,2
24443,2
24444,2
24445,2
24446,2
24447,2
24448,2
24449,2
24450,2
24451,2
24452,2
24453,2
24454,2
24455,2
24456,2
24457,2
24458,2
24459,2
24460,2
24461,2
24462,2
24463,2
24464,2
24465,2
24466,2
24467,2
24468,2
24469,2
24470,2
24471,2
24472,2
24473,2
24474,2
24475,2
24476,2
24477,2
24478,2
24479,2
24480,2
24481,2
24482,2
24483,2
24484,2
24485,2
24486,2
24487,2
24488,2
24489,2
24490,2
24491,2
24492,2
24493,2
24494,2
24495,2
24496,2
24497,0
24498,2
24499,1
24500,2
24501,2
24502,2
24503,2
24504,2
24505,2
24506,2
24507,2
24508,1
24509,2
24510,2
24511,2
24512,2
24513,2
24514,2
24515,2
24516,2
24517,2
24518,2
24519,2
24520,2
24521,2
24522,2
24523,2
24524,2
24525,2
24526,2
24527,2
24528,2
24529,2
24530,2
24531,2
24532,2
24533,2
24534,2
24535,2
24536,2
24537,2
24538,2
24539,2
24540,2
24541,2
24542,2
24543,2
24544,2
24545,2
24546,2
24547,2
24548,2
24549,2
24550,2
24551,2
24552,2
24553,2
24554,2
24555,2
24556,2
24557,2
24558,2
24559,2
24560,2
24561,2
24562,2
24563,2
24564,2
24565,2
24566,2
24567,2
24568,2
24569,2
24570,2
24571,2
24572,2
24573,2
24574,2
24575,2
24576,2
24577,2
24578,2
24579,2
24580,2
24581,2
24582,2
24583,2
24584,2
24585,2
24586,2
24587,2
24588,2
24589,2
24590,2
24591,2
24592,2
24593,2
24594,2
24595,2
24596,2
24597,2
24598,2
24599,2
24600,2
24601,2
24602,2
24603,2
24604,2
24605,2
24606,2
24607,2
24608,2
24609,2
24610,2
24611,2
24612,2
24613,1
24614,2
24615,2
24616,2
24617,2
24618,2
24619,2
24620,2
24621,2
24622,2
24623,2
24624,2
24625,2
24626,2
24627,2
24628,2
24629,2
24630,2
24631,2
24632,2
24633,2
24634,2
24635,2
24636,2
24637,2
24638,2
24639,2
24640,2
24641,2
24642,2
24643,2
24644,2
24645,2
24646,2
24647,2
24648,2
24649,2
24650,2
24651,2
24652,2
24653,2
24654,2
24655,2
24656,2
24657,2
24658,2
24659,2
24660,2
24661,2
24662,2
24663,2
24664,2
24665,2
24666,2
24667,2
24668,2
24669,2
24670,2
24671,2
24672,2
24673,2
24674,2
24675,2
24676,2
24677,2
24678,2
24679,2
24680,2
24681,2
24682,2
24683,2
24684,2
24685,2
24686,2
24687,2
24688,2
24689,2
24690,2
24691,2
24692,2
24693,2
24694,2
24695,2
24696,2
24697,2
24698,2
24699,2
24700,2
24701,2
24702,2
24703,2
24704,2
24705,2
24706,2
24707,2
24708,2
24709,2
24710,2
24711,2
24712,2
24713,2
24714,2
24715,1
24716,2
24717,2
24718,2
24719,2
24720,2
24721,2
24722,2
24723,2
24724,2
24725,2
24726,2
24727,1
24728,2
24729,2
24730,2
24731,2
24732,2
24733,2
24734,2
24735,2
24736,2
24737,2
24738,2
24739,2
24740,2
24741,2
24742,2
24743,1
24744,2
24745,2
24746,2
24747,1
24748,2
24749,2
24750,2
24751,2
24752,2
24753,2
24754,2
24755,2
24756,2
24757,2
24758,2
24759,2
24760,2
24761,2
24762,2
24763,2
24764,2
24765,2
24766,2
24767,2
24768,2
24769,2
24770,2
24771,2
24772,2
24773,2
24774,2
24775,2
24776,2
24777,2
24778,2
24779,2
24780,2
24781,2
24782,2
24783,2
24784,2
24785,2
24786,2
24787,2
24788,2
24789,2
24790,2
24791,2
24792,2
24793,2
24794,2
24795,2
24796,2
24797,2
24798,2
24799,2
24800,2
24801,2
24802,2
24803,2
24804,2
24805,2
24806,2
24807,2
24808,2
24809,2
24810,2
24811,2
24812,2
24813,2
24814,2
24815,2
24816,2
24817,2
24818,2
24819,2
24820,2
24821,2
24822,2
24823,2
24824,2
24825,2
24826,2
24827,2
24828,2
24829,2
24830,2
24831,2
24832,2
24833,2
24834,2
24835,1
24836,2
24837,2
24838,2
24839,2
24840,2
24841,2
24842,2
24843,2
24844,2
24845,2
24846,2
24847,2
24848,2
24849,2
24850,2
24851,2
24852,2
24853,2
24854,2
24855,2
24856,2
24857,2
24858,2
24859,2
24860,2
24861,2
24862,1
24863,2
24864,2
24865,2
24866,2
24867,2
24868,2
24869,2
24870,2
24871,2
24872,2
24873,2
24874,2
24875,2
24876,2
24877,1
24878,2
24879,2
24880,2
24881,2
24882,2
24883,2
24884,2
24885,2
24886,2
24887,2
24888,2
24889,2
24890,2
24891,2
24892,2
24893,2
24894,2
24895,2
24896,2
24897,2
24898,2
24899,2
24900,2
24901,2
24902,2
24903,2
24904,2
24905,2
24906,2
24907,2
24908,2
24909,2
24910,1
24911,2
24912,2
24913,2
24914,2
24915,2
24916,2
24917,2
24918,2
24919,2
24920,2
24921,2
24922,2
24923,2
24924,2
24925,2
24926,2
24927,2
24928,2
24929,2
24930,2
24931,2
24932,2
24933,2
24934,2
24935,2
24936,2
24937,2
24938,2
24939,2
24940,2
24941,2
24942,2
24943,2
24944,2
24945,2
24946,2
24947,2
24948,2
24949,2
24950,2
24951,2
24952,2
24953,2
24954,2
24955,2
24956,2
24957,2
24958,2
24959,2
24960,2
24961,2
24962,2
24963,2
24964,2
24965,2
24966,2
24967,2
24968,2
24969,2
24970,2
24971,2
24972,2
24973,2
24974,2
24975,2
24976,2
24977,2
24978,2
24979,2
24980,2
24981,2
24982,2
24983,2
24984,2
24985,2
24986,2
24987,2
24988,2
24989,2
24990,2
24991,2
24992,2
24993,2
24994,0
24995,2
24996,2
24997,2
24998,2
24999,2
25000,2
25001,2
25002,2
25003,2
25004,2
25005,2
25006,2
25007,2
25008,2
25009,2
25010,2
25011,2
25012,2
25013,2
25014,2
25015,2
25016,2
25017,2
25018,2
25019,2
25020,2
25021,2
25022,2
25023,2
25024,2
25025,2
25026,2
25027,2
25028,2
25029,2
25030,2
25031,2
25032,2
25033,2
25034,1
25035,2
25036,2
25037,2
25038,2
25039,2
25040,2
25041,2
25042,2
25043,2
25044,2
25045,2
25046,2
25047,2
25048,2
25049,2
25050,2
25051,2
25052,2
25053,2
25054,2
25055,2
25056,2
25057,2
25058,2
25059,2
25060,2
25061,2
25062,2
25063,2
25064,2
25065,2
25066,2
25067,2
25068,2
25069,2
25070,2
25071,2
25072,2
25073,2
25074,2
25075,2
25076,2
25077,2
25078,1
25079,2
25080,2
25081,2
25082,2
25083,2
25084,2
25085,2
25086,2
25087,2
25088,2
25089,2
25090,2
25091,2
25092,2
25093,2
25094,2
25095,2
25096,2
25097,2
25098,2
25099,2
25100,2
25101,2
25102,2
25103,2
25104,2
25105,2
25106,2
25107,2
25108,2
25109,2
25110,2
25111,2
25112,2
25113,2
25114,2
25115,2
25116,2
25117,2
25118,2
25119,2
25120,2
25121,2
25122,2
25123,2
25124,2
25125,2
25126,2
25127,2
25128,2
25129,2
25130,2
25131,2
25132,2
25133,2
25134,2
25135,2
25136,2
25137,2
25138,2
25139,2
25140,2
25141,2
25142,2
25143,1
25144,2
25145,2
25146,2
25147,2
25148,2
25149,2
25150,2
25151,2
25152,2
25153,2
25154,2
25155,2
25156,2
25157,2
25158,2
25159,2
25160,2
25161,2
25162,2
25163,2
25164,2
25165,2
25166,2
25167,2
25168,2
25169,2
25170,2
25171,2
25172,2
25173,2
25174,2
25175,2
25176,2
25177,2
25178,2
25179,2
25180,2
25181,2
25182,2
25183,2
25184,2
25185,2
25186,2
25187,2
25188,2
25189,2
25190,2
25191,2
25192,2
25193,2
25194,2
25195,2
25196,2
25197,2
25198,2
25199,2
25200,2
25201,2
25202,2
25203,2
25204,2
25205,2
25206,2
25207,2
25208,2
25209,2
25210,2
25211,2
25212,2
25213,2
25214,2
25215,2
25216,2
25217,2
25218,2
25219,2
25220,2
25221,2
25222,2
25223,2
25224,2
25225,2
25226,2
25227,2
25228,2
25229,2
25230,2
25231,2
25232,2
25233,2
25234,2
25235,2
25236,0
25237,2
25238,2
25239,2
25240,2
25241,2
25242,2
25243,2
25244,2
25245,2
25246,2
25247,2
25248,2
25249,1
25250,2
25251,2
25252,2
25253,2
25254,2
25255,2
25256,2
25257,2
25258,2
25259,2
25260,2
25261,2
25262,2
25263,2
25264,2
25265,2
25266,2
25267,2
25268,2
25269,2
25270,2
25271,2
25272,2
25273,2
25274,2
25275,2
25276,2
25277,2
25278,2
25279,2
25280,2
25281,2
25282,2
25283,2
25284,2
25285,2
25286,2
25287,2
25288,1
25289,2
25290,2
25291,2
25292,2
25293,2
25294,2
25295,2
25296,2
25297,2
25298,2
25299,2
25300,2
25301,2
25302,2
25303,2
25304,2
25305,2
25306,2
25307,2
25308,2
25309,2
25310,2
25311,2
25312,2
25313,2
25314,2
25315,2
25316,2
25317,2
25318,2
25319,2
25320,2
25321,2
25322,2
25323,2
25324,2
25325,2
25326,2
25327,2
25328,2
25329,2
25330,2
25331,2
25332,2
25333,2
25334,2
25335,2
25336,2
25337,2
25338,2
25339,2
25340,2
25341,2
25342,2
25343,2
25344,2
25345,2
25346,2
25347,2
25348,2
25349,2
25350,2
25351,2
25352,2
25353,2
25354,2
25355,2
25356,2
25357,2
25358,2
25359,2
25360,2
25361,2
25362,1
25363,2
25364,2
25365,2
25366,2
25367,2
25368,2
25369,2
25370,2
25371,2
25372,2
25373,2
25374,2
25375,2
25376,2
25377,2
25378,2
25379,2
25380,2
25381,2
25382,2
25383,2
25384,2
25385,2
25386,2
25387,2
25388,2
25389,2
25390,2
25391,2
25392,2
25393,2
25394,2
25395,2
25396,2
25397,2
25398,2
25399,2
25400,2
25401,2
25402,2
25403,2
25404,2
25405,2
25406,2
25407,2
25408,2
25409,2
25410,2
25411,2
25412,2
25413,2
25414,2
25415,2
25416,2
25417,2
25418,2
25419,2
25420,2
25421,2
25422,2
25423,2
25424,2
25425,2
25426,2
25427,2
25428,2
25429,2
25430,2
25431,2
25432,2
25433,2
25434,2
25435,2
25436,2
25437,2
25438,2
25439,2
25440,2
25441,2
25442,2
25443,2
25444,2
25445,2
25446,2
25447,2
25448,2
25449,2
25450,2
25451,2
25452,2
25453,2
25454,2
25455,2
25456,2
25457,2
25458,2
25459,2
25460,2
25461,2
25462,2
25463,2
25464,2
25465,2
25466,2
25467,2
25468,2
25469,2
25470,2
25471,2
25472,2
25473,2
25474,2
25475,2
25476,2
25477,2
25478,2
25479,2
25480,2
25481,2
25482,2
25483,2
25484,2
25485,2
25486,2
25487,2
25488,2
25489,2
25490,2
25491,2
25492,2
25493,2
25494,2
25495,2
25496,2
25497,2
25498,2
25499,2
25500,2
25501,2
25502,2
25503,2
25504,2
25505,1
25506,2
25507,2
25508,2
25509,2
25510,2
25511,2
25512,2
25513,2
25514,2
25515,2
25516,2
25517,2
25518,2
25519,0
25520,2
25521,2
25522,2
25523,2
25524,2
25525,2
25526,2
25527,2
25528,2
25529,2
25530,2
25531,2
25532,2
25533,2
25534,2
25535,2
25536,2
25537,2
25538,2
25539,2
25540,2
25541,2
25542,2
25543,2
25544,2
25545,2
25546,2
25547,2
25548,2
25549,2
25550,2
25551,2
25552,2
25553,2
25554,2
25555,2
25556,2
25557,2
25558,2
25559,2
25560,2
25561,2
25562,2
25563,2
25564,2
25565,2
25566,2
25567,2
25568,2
25569,2
25570,2
25571,2
25572,2
25573,2
25574,2
25575,2
25576,2
25577,2
25578,2
25579,2
25580,2
25581,2
25582,2
25583,2
25584,2
25585,2
25586,2
25587,2
25588,2
25589,2
25590,2
25591,2
25592,2
25593,2
25594,2
25595,2
25596,2
25597,2
25598,2
25599,2
25600,2
25601,2
25602,2
25603,2
25604,2
25605,2
25606,2
25607,1
25608,2
25609,2
25610,2
25611,2
25612,2
25613,2
25614,2
25615,2
25616,2
25617,2
25618,2
25619,2
25620,2
25621,2
25622,2
25623,2
25624,2
25625,2
25626,2
25627,2
25628,2
25629,2
25630,2
25631,2
25632,2
25633,2
25634,2
25635,2
25636,2
25637,2
25638,2
25639,2
25640,2
25641,2
25642,2
25643,2
25644,2
25645,2
25646,2
25647,2
25648,2
25649,2
25650,2
25651,2
25652,2
25653,2
25654,2
25655,2
25656,2
25657,2
25658,2
25659,2
25660,2
25661,2
25662,2
25663,2
25664,2
25665,2
25666,2
25667,2
25668,2
25669,2
25670,2
25671,2
25672,2
25673,2
25674,2
25675,2
25676,2
25677,2
25678,2
25679,2
25680,2
25681,2
25682,1
25683,2
25684,2
25685,2
25686,2
25687,2
25688,2
25689,2
25690,2
25691,2
25692,2
25693,2
25694,2
25695,2
25696,2
25697,2
25698,2
25699,2
25700,2
25701,2
25702,2
25703,2
25704,2
25705,2
25706,2
25707,2
25708,2
25709,2
25710,2
25711,2
25712,2
25713,2
25714,2
25715,2
25716,2
25717,2
25718,2
25719,2
25720,2
25721,2
25722,2
25723,2
25724,2
25725,2
25726,2
25727,2
25728,2
25729,2
25730,2
25731,2
25732,2
25733,2
25734,2
25735,2
25736,2
25737,2
25738,2
25739,2
25740,2
25741,2
25742,2
25743,2
25744,2
25745,2
25746,2
25747,2
25748,2
25749,2
25750,2
25751,2
25752,2
25753,2
25754,2
25755,2
25756,2
25757,2
25758,2
25759,2
25760,2
25761,2
25762,2
25763,2
25764,2
25765,2
25766,2
25767,2
25768,2
25769,2
25770,2
25771,2
25772,2
25773,2
25774,2
25775,2
25776,2
25777,2
25778,2
25779,2
25780,2
25781,2
25782,2
25783,2
25784,2
25785,2
25786,2
25787,2
25788,2
25789,2
25790,2
25791,2
25792,2
25793,2
25794,2
25795,2
25796,2
25797,2
25798,2
25799,2
25800,2
25801,2
25802,2
25803,2
25804,2
25805,2
25806,2
25807,2
25808,2
25809,2
25810,2
25811,2
25812,2
25813,2
25814,1
25815,2
25816,2
25817,2
25818,2
25819,2
25820,2
25821,2
25822,2
25823,2
25824,2
25825,2
25826,2
25827,2
25828,2
25829,2
25830,2
25831,2
25832,2
25833,2
25834,2
25835,2
25836,2
25837,2
25838,2
25839,2
25840,2
25841,2
25842,2
25843,2
25844,2
25845,2
25846,2
25847,2
25848,2
25849,2
25850,2
25851,2
25852,2
25853,2
25854,2
25855,2
25856,2
25857,2
25858,2
25859,2
25860,2
25861,2
25862,2
25863,2
25864,2
25865,2
25866,2
25867,2
25868,2
25869,2
25870,2
25871,2
25872,2
25873,2
25874,2
25875,1
25876,2
25877,2
25878,2
25879,2
25880,2
25881,2
25882,1
25883,2
25884,2
25885,2
25886,2
25887,2
25888,2
25889,2
25890,2
25891,2
25892,2
25893,2
25894,2
25895,2
25896,2
25897,2
25898,2
25899,2
25900,2
25901,2
25902,2
25903,2
25904,2
25905,2
25906,2
25907,2
25908,2
25909,1
25910,2
25911,2
25912,2
25913,2
25914,2
25915,2
25916,2
25917,2
25918,2
25919,2
25920,2
25921,2
25922,2
25923,1
25924,2
25925,2
25926,2
25927,2
25928,2
25929,2
25930,2
25931,2
25932,2
25933,2
25934,2
25935,2
25936,2
25937,2
25938,2
25939,2
25940,2
25941,2
25942,2
25943,2
25944,2
25945,2
25946,2
25947,1
25948,2
25949,2
25950,2
25951,2
25952,2
25953,2
25954,2
25955,2
25956,2
25957,2
25958,2
25959,2
25960,2
25961,2
25962,2
25963,2
25964,2
25965,2
25966,2
25967,2
25968,2
25969,2
25970,2
25971,2
25972,2
25973,2
25974,2
25975,2
25976,2
25977,2
25978,2
25979,2
25980,2
25981,2
25982,2
25983,2
25984,2
25985,2
25986,2
25987,2
25988,2
25989,0
25990,2
25991,2
25992,2
25993,2
25994,2
25995,2
25996,2
25997,2
25998,2
25999,2
26000,2
26001,2
26002,2
26003,2
26004,2
26005,2
26006,2
26007,2
26008,2
26009,2
26010,2
26011,2
26012,2
26013,2
26014,2
26015,2
26016,2
26017,2
26018,2
26019,2
26020,2
26021,2
26022,2
26023,2
26024,2
26025,2
26026,2
26027,2
26028,2
26029,2
26030,2
26031,2
26032,2
26033,2
26034,2
26035,2
26036,2
26037,2
26038,2
26039,2
26040,2
26041,2
26042,2
26043,2
26044,2
26045,2
26046,2
26047,2
26048,2
26049,2
26050,2
26051,2
26052,2
26053,0
26054,2
26055,2
26056,2
26057,2
26058,2
26059,2
26060,2
26061,2
26062,2
26063,2
26064,2
26065,2
26066,2
26067,2
26068,2
26069,2
26070,2
26071,2
26072,2
26073,2
26074,2
26075,2
26076,2
26077,2
26078,2
26079,2
26080,2
26081,2
26082,2
26083,2
26084,2
26085,2
26086,2
26087,2
26088,2
26089,2
26090,2
26091,2
26092,2
26093,2
26094,2
26095,2
26096,2
26097,2
26098,2
26099,2
26100,2
26101,2
26102,2
26103,2
26104,2
26105,2
26106,2
26107,2
26108,2
26109,2
26110,2
26111,2
26112,2
26113,2
26114,2
26115,2
26116,2
26117,2
26118,2
26119,2
26120,2
26121,2
26122,2
26123,2
26124,2
26125,2
26126,2
26127,2
26128,2
26129,2
26130,2
26131,2
26132,2
26133,2
26134,2
26135,2
26136,2
26137,2
26138,2
26139,2
26140,2
26141,2
26142,2
26143,2
26144,2
26145,2
26146,2
26147,2
26148,2
26149,2
26150,2
26151,2
26152,2
26153,2
26154,2
26155,2
26156,2
26157,2
26158,2
26159,2
26160,2
26161,2
26162,2
26163,2
26164,2
26165,2
26166,2
26167,2
26168,2
26169,2
26170,2
26171,2
26172,2
26173,2
26174,2
26175,2
26176,2
26177,1
26178,2
26179,2
26180,2
26181,2
26182,2
26183,2
26184,2
26185,2
26186,2
26187,2
26188,2
26189,2
26190,2
26191,2
26192,2
26193,2
26194,2
26195,1
26196,2
26197,2
26198,2
26199,2
26200,2
26201,2
26202,2
26203,2
26204,2
26205,2
26206,2
26207,2
26208,1
26209,2
26210,2
26211,2
26212,2
26213,2
26214,1
26215,2
26216,2
26217,2
26218,2
26219,2
26220,2
26221,2
26222,2
26223,2
26224,2
26225,2
26226,2
26227,2
26228,2
26229,2
26230,2
26231,2
26232,2
26233,2
26234,2
26235,2
26236,2
26237,2
26238,2
26239,2
26240,2
26241,2
26242,2
26243,2
26244,2
26245,2
26246,2
26247,2
26248,2
26249,2
26250,2
26251,2
26252,2
26253,2
26254,2
26255,2
26256,2
26257,2
26258,2
26259,2
26260,1
26261,2
26262,2
26263,2
26264,2
26265,2
26266,2
26267,2
26268,2
26269,2
26270,2
26271,1
26272,2
26273,2
26274,2
26275,2
26276,2
26277,2
26278,2
26279,2
26280,2
26281,2
26282,2
26283,2
26284,2
26285,2
26286,2
26287,2
26288,2
26289,2
26290,2
26291,2
26292,2
26293,2
26294,2
26295,2
26296,2
26297,2
26298,2
26299,2
26300,2
26301,2
26302,2
26303,2
26304,2
26305,2
26306,2
26307,2
26308,2
26309,2
26310,2
26311,1
26312,2
26313,2
26314,2
26315,2
26316,2
26317,2
26318,2
26319,2
26320,2
26321,2
26322,2
26323,2
26324,2
26325,2
26326,2
26327,2
26328,2
26329,2
26330,2
26331,2
26332,2
26333,2
26334,2
26335,1
26336,2
26337,2
26338,2
26339,2
26340,2
26341,2
26342,2
26343,2
26344,2
26345,2
26346,2
26347,2
26348,2
26349,2
26350,2
26351,2
26352,2
26353,2
26354,2
26355,2
26356,2
26357,2
26358,2
26359,2
26360,2
26361,2
26362,2
26363,2
26364,2
26365,2
26366,2
26367,2
26368,2
26369,2
26370,2
26371,2
26372,2
26373,2
26374,2
26375,2
26376,2
26377,2
26378,2
26379,2
26380,2
26381,2
26382,2
26383,2
26384,2
26385,2
26386,2
26387,2
26388,2
26389,2
26390,2
26391,2
26392,2
26393,2
26394,2
26395,2
26396,2
26397,2
26398,2
26399,2
26400,2
26401,2
26402,2
26403,2
26404,2
26405,2
26406,2
26407,2
26408,2
26409,2
26410,2
26411,2
26412,2
26413,1
26414,2
26415,2
26416,2
26417,2
26418,2
26419,2
26420,2
26421,2
26422,2
26423,2
26424,2
26425,2
26426,2
26427,2
26428,1
26429,2
26430,2
26431,2
26432,2
26433,2
26434,2
26435,2
26436,2
26437,2
26438,2
26439,2
26440,2
26441,2
26442,2
26443,2
26444,2
26445,2
26446,2
26447,2
26448,2
26449,2
26450,2
26451,2
26452,2
26453,2
26454,2
26455,2
26456,2
